{
  "ape_smearing": {
    "alpha": 0.5,
    "steps": 2
  },
  "autocorrelation": {
    "max_tau_int": 1.0696639448773393,
    "observables": {
      "W11": {
        "rho_first_10": [
          1.0,
          -0.08488608603611887,
          -0.1213714828916615,
          -0.23587756630486192,
          -0.10733650324901693,
          -0.16771340891456074,
          0.2063376956171103,
          0.2650910484513474,
          -0.13263288888352973,
          0.047447425877710156
        ],
        "tau_int": 0.5,
        "window": 0
      },
      "W12": {
        "rho_first_10": [
          1.0000000000000002,
          0.08350628194480096,
          -0.052515118051003395,
          0.22861738413163424,
          -0.1179404219571568,
          -0.0976547330916476,
          0.12208033899747116,
          0.10611301365076958,
          -0.06269283464112937,
          0.004995427799492158
        ],
        "tau_int": 0.5835062819448009,
        "window": 1
      },
      "W21": {
        "rho_first_10": [
          1.0,
          -0.04714927576689184,
          -0.07254497101477066,
          -0.14034370611122315,
          -0.17271396638616984,
          0.18441343758831863,
          0.02932408760908076,
          -0.006370528920741559,
          -0.20020013091950753,
          -0.09262074246020806
        ],
        "tau_int": 0.5,
        "window": 0
      },
      "W22": {
        "rho_first_10": [
          0.9999999999999999,
          -0.2885488586155178,
          -0.007496700740319548,
          0.07140203098557817,
          0.09048866824857388,
          -0.06987294803866795,
          -0.17574256752729514,
          0.31194883765442244,
          -0.21861142574105585,
          -0.010293276402009818
        ],
        "tau_int": 0.5,
        "window": 0
      },
      "W33": {
        "rho_first_10": [
          1.0,
          0.18745080866111127,
          0.09788590715869519,
          0.08833174256282389,
          -0.003748574352155498,
          -0.1418975688254224,
          -0.053446295557090975,
          -0.07014640529654133,
          -0.06552528153527179,
          0.01018559599691723
        ],
        "tau_int": 0.8736684583826304,
        "window": 3
      },
      "plaquette": {
        "rho_first_10": [
          1.0,
          0.4691063389682665,
          0.10055760590907277,
          -0.007932315450478001,
          -0.11913287930666208,
          -0.05578648845155042,
          0.12785855536914276,
          0.15109136282335722,
          0.023620999692187176,
          0.023737522547256744
        ],
        "tau_int": 1.0696639448773393,
        "window": 2
      }
    },
    "recommended_block_size_ceil_10tau": 11,
    "recommended_separation_ceil_5tau": 6,
    "slowest_observable": "plaquette"
  },
  "beta": 6.0,
  "dims": [
    12,
    12,
    12,
    24
  ],
  "elapsed_seconds": 115.64233770873398,
  "kind": "autocorrelation_pilot",
  "max_r": 3,
  "max_t": 3,
  "measure_every": 1,
  "measurements": 80,
  "numba_threads": 6,
  "overrelax_sweeps_per_heatbath": 3,
  "series": {
    "W11": [
      0.18555283461938635,
      0.18557405629595938,
      0.1860801489834266,
      0.1856208021239705,
      0.18663372412649712,
      0.1860572949263235,
      0.1857045581410039,
      0.18576537131023746,
      0.18566788727881262,
      0.1858874930248573,
      0.18604078381711434,
      0.18739306994639987,
      0.18392882066678742,
      0.18549545080107224,
      0.18585902759139478,
      0.18476868799029947,
      0.18643879072449426,
      0.18700798552976255,
      0.18589111580446094,
      0.18482070633555253,
      0.1860089578919028,
      0.18550670463800054,
      0.18631080813554873,
      0.1867380603866248,
      0.1865670171824819,
      0.1854669315628864,
      0.18518616548987957,
      0.1854526518876187,
      0.185476617069321,
      0.18535054177216098,
      0.18596214935624214,
      0.18603062061819847,
      0.1868116281409914,
      0.18557117240978765,
      0.18486482026527248,
      0.18584144651451676,
      0.1854000721595673,
      0.1864032828628961,
      0.1858796643794745,
      0.18675794874297616,
      0.18540264330657835,
      0.1859218384685698,
      0.18524519205494167,
      0.18608280498621008,
      0.18515256467851673,
      0.18692931772781377,
      0.18597462011120874,
      0.18573700546159222,
      0.18564347791399333,
      0.18583716695811697,
      0.18508417578380768,
      0.18604041778253838,
      0.18715795438081692,
      0.18474686555645803,
      0.1861059047372307,
      0.1853817042761886,
      0.1860458669647384,
      0.18509390534199335,
      0.18780193799798728,
      0.18702603379634705,
      0.18639010791485336,
      0.18432136130797588,
      0.18492241616885113,
      0.18633682253443004,
      0.1855866794812247,
      0.18631437549781976,
      0.18472394287284066,
      0.18593629217734187,
      0.18653797492971264,
      0.18566396337933472,
      0.18564632882598112,
      0.18589562611002458,
      0.1858485198098834,
      0.1853235655412053,
      0.18611761169085744,
      0.18639884406472348,
      0.18610020335286276,
      0.18626027900877487,
      0.18660297136253584,
      0.18568384987994024
    ],
    "W12": [
      0.11910062493785194,
      0.11944156195495018,
      0.11844885755802734,
      0.11779677731527254,
      0.12036904809571883,
      0.1190480966746516,
      0.11953557029287099,
      0.11951470213311206,
      0.1198796236689689,
      0.1188458370154644,
      0.11937227625874736,
      0.1202579768607985,
      0.11901235023215266,
      0.11879060548170312,
      0.11877614276143139,
      0.11837626333968612,
      0.11935034078126207,
      0.12124858174493192,
      0.11882280918825033,
      0.11880672400636573,
      0.12008619028781384,
      0.11840634275925419,
      0.11897963567692067,
      0.12075124983595462,
      0.11945713000460641,
      0.11964281435911299,
      0.11986288702632622,
      0.11868417656813547,
      0.12041269518297444,
      0.11982905896512426,
      0.12045374015338621,
      0.12016860643998527,
      0.12078794626790561,
      0.12017483215349843,
      0.11910601673618586,
      0.11951207405748243,
      0.12040618631564533,
      0.11845467462670363,
      0.11999114715546196,
      0.12063000784997974,
      0.12072849920309851,
      0.1195287015854399,
      0.11915565506827844,
      0.12031583218095365,
      0.11992962577423193,
      0.12030892497718881,
      0.1200006407953836,
      0.11955669312843428,
      0.11974571142983603,
      0.11972444921308514,
      0.11900078292223615,
      0.11923396079763915,
      0.12007526836470078,
      0.12021756130904239,
      0.11909539004344813,
      0.11953721716588313,
      0.1191251978615103,
      0.11861507105248924,
      0.11996517207944281,
      0.12156055678783137,
      0.12085494406588962,
      0.1191163013115135,
      0.12122169686313554,
      0.12037563230752267,
      0.11932525966663592,
      0.12055237874340771,
      0.11923958961243125,
      0.1189775056769482,
      0.11938364381101366,
      0.11845938957112877,
      0.1197723242635822,
      0.11986161453026392,
      0.12015409420912092,
      0.12034142309250347,
      0.11974742215968114,
      0.12054739894650106,
      0.11841612406956241,
      0.11979599316077572,
      0.11971174169563956,
      0.11892270910361492
    ],