{
  "version": "2026-05-05",
  "comparator_context_only": 0.5934,
  "per_L": [
    {
      "L": 3,
      "n_samples": 300,
      "tau_int": 3.731439203107139,
      "window": 19,
      "n_eff": 40.198966627969234,
      "block_size": 8,
      "mean": 0.6011075278560163,
      "se": 0.0018206377847025705
    },
    {
      "L": 4,
      "n_samples": 300,
      "tau_int": 5.315891931022978,
      "window": 27,
      "n_eff": 28.217277918050968,
      "block_size": 11,
      "mean": 0.597166947721985,
      "se": 0.0010125236953614026
    },
    {
      "L": 5,
      "n_samples": 625,
      "tau_int": 4.2806189785498825,
      "window": 22,
      "n_eff": 73.00346084665158,
      "block_size": 9,
      "mean": 0.5954620639745838,
      "se": 0.00040732859894805043
    }
  ],
  "fss_fits": {
    "M1_inv_V": {
      "exponent": 4,
      "P_inf": 0.5946383397651698,
      "P_inf_fit_se": 0.000539439653978003,
      "P_inf_loo_se": 0.0005430316562162087,
      "slope": 0.546205736059138,
      "slope_se": 0.1669102938445194,
      "chi2_per_dof": 0.19003904416270972,
      "leave_one_out_estimates": [
        0.5942792719980673,
        0.5946214710069441,
        0.5953430220599477
      ]
    },
    "M2_inv_L2": {
      "exponent": 2,
      "P_inf": 0.5923099025935156,
      "P_inf_fit_se": 0.001155476223829387,
      "P_inf_loo_se": 0.00016576599585864997,
      "slope": 0.07864319231969177,
      "slope_se": 0.023826503732284336,
      "chi2_per_dof": 0.004616045825889686,
      "leave_one_out_estimates": [
        0.5924311595347599,
        0.5922864905412767,
        0.5921004875496577
      ]
    }
  },
  "P_inf_M1": 0.5946383397651698,
  "P_inf_M1_combined_se": 0.0007654270180342645,
  "comparator_distance_M1": 0.001238339765169738
}