{
  "n_volumes": 5,
  "L_vals": [
    3,
    4,
    5,
    6,
    8
  ],
  "P_vals": [
    0.6011075278560163,
    0.597166947721985,
    0.5954620639745838,
    0.5950228565815703,
    0.5939479523991126
  ],
  "sigma_vals": [
    0.0018206377847025485,
    0.0010125236953613713,
    0.00040732859894804225,
    0.00033814155923165634,
    0.00019422137093614506
  ],
  "FSS_M1_inv_V": {
    "P_inf": 0.5939983917511369,
    "c": 0.7131848258706087,
    "sigma_fit": 0.00017835147669310322,
    "loo_SE": 0.0006353179822309693,
    "chi2_dof": 1.646842441232182
  },
  "FSS_M2_inv_L2": {
    "P_inf": 0.5928761825296351,
    "c": 0.0699497707883198,
    "sigma_fit": 0.0003140294204295504,
    "loo_SE": 0.00018049109563027067,
    "chi2_dof": 0.23857258639710413
  },
  "cross_model": {
    "diff": 0.0011222092215017465,
    "sigma_combined": 0.0007527480988230895,
    "n_sigma": 1.4908164142244982
  },
  "comparator": 0.5934,
  "comparator_distance_M1": 0.0005983917511368508,
  "retained_grade_checks_pass": true
}