{
  "L": 3,
  "beta": 6.0,
  "seed": 42,
  "lattice": "isotropic 4D periodic",
  "action": "Wilson plaquette",
  "sites": 81,
  "links": 324,
  "plaquettes": 486,
  "n_thermalize": 300,
  "n_measure_sweeps": 600,
  "sample_every": 2,
  "hits_per_link": 3,
  "target_acceptance": 0.5,
  "epsilon_frozen": 0.25538929062556387,
  "acceptance_during_measure": 0.5118004115226338,
  "samples": [
    0.587425736796804,
    0.6048290740099403,
    0.5963585057618429,
    0.589208468798214,
    0.5868015568265054,
    0.5791414468537315,
    0.5860963565202619,
    0.5839262011271625,
    0.5891910683163045,
    0.5862952049591227,
    0.585606174919755,
    0.5933800700986182,
    0.5886557482479177,
    0.5886127836772458,
    0.5991624265515636,
    0.5958915201697711,
    0.5939117866564223,
    0.5978565157724691,
    0.5931079094629043,
    0.6011885624281375,
    0.60943426245488,
    0.6043913059772683,
    0.6046485639044944,
    0.5979081001391976,
    0.5774658663984711,
    0.5746038507401502,
    0.5697427507841656,
    0.585179413650649,
    0.5853489205452661,
    0.5862324254049829,
    0.5829761718454802,
    0.5791984636332524,
    0.5650299673461054,
    0.5758407540439037,
    0.5833672166269437,
    0.5939320388316268,
    0.5963549663655321,
    0.604075718310086,
    0.6133250775832777,
    0.61859642837663,
    0.606733513722045,
    0.5966828656197155,
    0.5867877472339259,
    0.5951759048084464,
    0.6100421724626915,
    0.6111380399223705,
    0.6052743008296066,
    0.5911084248992411,
    0.5895334293888221,
    0.5945919403666676,
    0.6020485290316452,
    0.6158900993458445,
    0.6034808826855985,
    0.5999331000063298,
    0.5956053206823511,
    0.5966678895637282,
    0.5863830130791656,
    0.612401826961669,
    0.5854515274200827,
    0.5850023081216189,
    0.592617152030608,
    0.6003266954908671,
    0.5895893655755466,
    0.6029384365876966,
    0.5991910246942648,
    0.611553977751568,
    0.6002826960696754,
    0.5968150270770427,
    0.6043905519130844,
    0.594057884042688,
    0.5955605292176364,
    0.5967865867692604,
    0.5966287936292086,
    0.603350872619041,
    0.6051602140556337,
    0.6132396065840674,
    0.6017859153528824,
    0.6030567963955367,
    0.6143624522764066,
    0.6140473916672348,
    0.5924763212100495,
    0.5951224421759777,
    0.5976438512614439,
    0.5944338135291731,
    0.6067690504544804,
    0.609520595372775,
    0.6156978119545089,
    0.6165396335645477,
    0.6083190324561746,
    0.6090661805228018,
    0.5957295570469342,
    0.5972411308206732,
    0.5953141504695771,
    0.5881128792733911,
    0.5885847531025264,
    0.5892544445804168,
    0.5798788275009595,
    0.5798542819913043,
    0.5802537180627683,
    0.5762264783379978,
    0.565151778337978,
    0.5724169502460655,
    0.5606655538036439,
    0.5725954450279347,
    0.5756588937387386,
    0.592892039401018,
    0.5875172935306948,
    0.5917696535044991,
    0.5769884809362575,
    0.5934648078103889,
    0.5948668267844277,
    0.5916531989486875,
    0.5971848281653453,
    0.6021534928755341,
    0.622837320354463,
    0.6239820748154923,
    0.6202092202768489,
    0.6315790506889339,
    0.6209308473481677,
    0.6138690973186234,
    0.619439794409944,
    0.6183667714411148,
    0.6169338644281916,
    0.6090390569792266,
    0.6023605236775218,
    0.6072286162850868,
    0.606196191148435,
    0.6048361033403694,
    0.5977036809474812,
    0.5963673356863568,
    0.57721653459735,
    0.5707877878817523,
    0.5711900949684513,
    0.5742916544755107,
    0.5891873452098663,
    0.6074076535254378,
    0.5935128823430628,
    0.5989006435534034,
    0.5882455442799064,
    0.5775964258301612,
    0.5932725784379222,
    0.6003726315600106,
    0.6086907111871546,
    0.6069234397358493,
    0.6077990463822236,
    0.6216846386767565,
    0.6158000029877918,
    0.6169797575319709,
    0.6073004153268571,
    0.6196876819751982,
    0.6238724807676886,
    0.6181950452983799,
    0.6067874052553974,
    0.5955888254068039,
    0.6072812680633048,
    0.6015325379020618,
    0.597404123085302,
    0.597074628703466,
    0.5914350416766491,
    0.5831089901724159,
    0.5732603450681207,
    0.5841251113734105,
    0.5910133107874049,
    0.5982809721996786,
    0.5922471171707245,
    0.5914354759629638,
    0.6066791440535554,
    0.6014203969822076,
    0.5946281311942275,
    0.5964532741290234,
    0.5937202043457206,
    0.5938348823172117,
    0.5980846074511235,
    0.612113393820723,
    0.6197178420835996,
    0.612872509488279,
    0.6169192772126868,
    0.602221138374705,
    0.6293278429944489,
    0.6147601067495546,
    0.6237460755396945,
    0.6178937111192551,
    0.6361232680841059,
    0.6259065803662722,
    0.6172878985292695,
    0.6061883757151723,
    0.6194350012912607,
    0.6067305848248546,
    0.6230618939492786,
    0.6191822569900626,
    0.6204657766495093,
    0.6126260475602083,
    0.6256821966267312,
    0.6114580507662559,
    0.6098997633582739,
    0.6142831181768589,
    0.6237681468595377,
    0.612660549823322,
    0.6075495565900554,
    0.6163772727200704,
    0.5961820047294787,
    0.5995651596118078,
    0.6124225096370373,
    0.6150231144300585,
    0.6192169072596354,
    0.6088793504586698,
    0.6197554078154887,
    0.6007000987754034,
    0.6115752928992959,
    0.616699542074675,
    0.6055230229445993,
    0.5996804213856683,
    0.5789793295262563,
    0.5782281744837184,
    0.5778294400563874,
    0.6038825213604878,
    0.5870873278866364,
    0.602461810866819,
    0.6032723079959471,
    0.5952988372623748,
    0.5980267383538119,
    0.590884697875161,
    0.6232718373100041,
    0.6107469507987109,
    0.6241721218798109,
    0.6094304008414209,
    0.6075262204581585,
    0.6136712474287758,
    0.6210622130775978,
    0.5945395309763825,
    0.5936676349961474,
    0.5987883880757775,
    0.6101676415676011,
    0.6012400214454781,
    0.5850937390640152,
    0.6044568286806281,
    0.5921692621639246,
    0.58792955928894,
    0.5963182397220645,
    0.6029231442763359,
    0.6074704865591115,
    0.6182719314136798,
    0.6104457599291828,
    0.5948268303180313,
    0.5777150473148785,
    0.584982872097981,
    0.5912269365336434,
    0.6023018812002644,
    0.5875813199373727,
    0.6001284733454576,
    0.6002995373390893,
    0.5856573213379018,
    0.5826143412544221,
    0.5829087766246046,
    0.5903178267423782,
    0.5917512906994865,
    0.5981490648415275,
    0.604169158299572,
    0.6099997264261245,
    0.6021108288953986,
    0.5967802920281597,
    0.6016336669115738,
    0.6099833047899018,
    0.6096865324754992,
    0.5964607992162556,
    0.5981810155945017,
    0.6242880079289375,
    0.6239759284230235,
    0.6053498952163129,
    0.5986552339446941,
    0.6121310234451985,
    0.6227132758558892,
    0.6161247274920578,
    0.6106674080891549,
    0.5997695397275731,
    0.6036792303363481,
    0.6053618638664054,
    0.6041017797272126,
    0.6103825605899171,
    0.6002034714157746,
    0.6131951258051617,
    0.6134645834314894,
    0.6148358192598081,
    0.6126258289153914,
    0.5939383726712587,
    0.6219882624175848,
    0.6196393043788992,
    0.6231698841451018,
    0.6202337471220076,
    0.6211936386305488,
    0.6185629896735512,
    0.6261808810177342,
    0.6161915623736101,
    0.6141449351702979,
    0.6141717396510852,
    0.6274426438795513,
    0.6188002221329807,
    0.613075198943816,
    0.6268342979215451,
    0.6391305493338707
  ],
  "naive_mean": 0.6014188950457101,
  "naive_se": 0.0008247909693108549,
  "thermalization_log": [
    {
      "sweep": 60,
      "P": 0.6115093103965282,
      "acc": 0.4876543209876543,
      "eps": 0.26950459372173996,
      "wall": 3.7
    },
    {
      "sweep": 120,
      "P": 0.5928020270072307,
      "acc": 0.4742798353909465,
      "eps": 0.26883083223743565,
      "wall": 7.7
    },
    {
      "sweep": 180,