{
  "L": 4,
  "beta": 6,
  "seed": 42,
  "lattice": "isotropic 4D periodic",
  "action": "Wilson plaquette",
  "sites": 256,
  "links": 1024,
  "plaquettes": 1536,
  "n_thermalize": 300,
  "n_measure_sweeps": 600,
  "sample_every": 2,
  "hits_per_link": 3,
  "target_acceptance": 0.5,
  "epsilon_frozen": 0.2701800438313183,
  "acceptance_during_measure": 0.4888557942708333,
  "samples": [
    0.6035283275999953,
    0.6021604544020405,
    0.6038192358695909,
    0.5947295559956026,
    0.597235460915788,
    0.5974466966833374,
    0.6017772635326974,
    0.6048462702067176,
    0.599238419455017,
    0.6005409872975466,
    0.6036088418607818,
    0.600038849819167,
    0.5988367906246094,
    0.5978403501733677,
    0.5994027812897548,
    0.5975811693891216,
    0.5974251258984807,
    0.5999111429029277,
    0.5980598175872262,
    0.6037337898688987,
    0.5967405479868974,
    0.5920215969362861,
    0.6002651541169878,
    0.5983754599012133,
    0.5937344328256197,
    0.5928183305680702,
    0.589293907215439,
    0.5915921391533373,
    0.5925670478804893,
    0.5950093536907246,
    0.60153558375091,
    0.601627238180176,
    0.5928649050129073,
    0.5926211764628593,
    0.5952483150793386,
    0.5871940967546194,
    0.5889152355739492,
    0.5854188176418352,
    0.5950116047162728,
    0.5906879241489061,
    0.590155166570694,
    0.5992630794470513,
    0.5993185411257961,
    0.5988226375565718,
    0.6068621435953937,
    0.6123578609676722,
    0.6135496848395174,
    0.6044913370448585,
    0.598336863805404,
    0.587138974060048,
    0.5886142837142262,
    0.5860427140090473,
    0.5849594604449123,
    0.589136094189551,
    0.587644780929364,
    0.5869726833040322,
    0.5914486786774878,
    0.5960609467934871,
    0.5918625431507403,
    0.5960362132428986,
    0.5908164206470615,
    0.5958877225429072,
    0.5983346279236365,
    0.5905189103500235,
    0.5940855399310725,
    0.5937197749448381,
    0.599132870295649,
    0.5991893586725968,
    0.6026677802523875,
    0.597751925519503,
    0.606597031687513,
    0.5990404036754243,
    0.5998634598870737,
    0.5952629751245476,
    0.5962563427735736,
    0.5853909386553358,
    0.5866803425439643,
    0.5877843535569709,
    0.5857848203705555,
    0.579123084584425,
    0.5945982349160328,
    0.5858121893269708,
    0.6002719863208191,
    0.6004973665139629,
    0.6013666399362001,
    0.6021278387613869,
    0.6007614057413965,
    0.5983469413464138,
    0.5922415367859853,
    0.5935275425120891,
    0.5953618683258072,
    0.5980354032411722,
    0.602664804230032,
    0.6051626930168651,
    0.6023161614203002,
    0.6031800257084553,
    0.6011862143736747,
    0.6031655661631464,
    0.6003672214970405,
    0.5982448568046893,
    0.5989431410596407,
    0.6006810128827139,
    0.6077927554977057,
    0.6031348200510348,
    0.6028305788319103,
    0.6001252740267857,
    0.599195146461558,
    0.5980732314764393,
    0.594920522884321,
    0.597559702707249,
    0.5958123218126433,
    0.6059390781070773,
    0.6001712510610809,
    0.6066600454462993,
    0.6013504690419075,
    0.6017804410784587,
    0.601135748973771,
    0.607460750068474,
    0.6103298786043925,
    0.6044962342451065,
    0.5993330018649187,
    0.5915405166761616,
    0.5849419071064882,
    0.5801766939010596,
    0.5779133537671761,
    0.5819157128790995,
    0.5922977503721146,
    0.5912480641240578,
    0.598620587755925,
    0.5957711148584733,
    0.5913299354844873,
    0.5953018083985632,
    0.607782860409464,
    0.60350828200312,
    0.6024268728063239,
    0.5978182602614558,
    0.5947754852718267,
    0.5881977259866044,
    0.5894479892632126,
    0.6032711164276254,
    0.6089396454516541,
    0.6132243692911318,
    0.6100556002878518,
    0.6059801892076201,
    0.6073389842401332,
    0.6067607833496097,
    0.6069876768977069,
    0.6076127190561627,
    0.6019621525312523,
    0.6050732049658799,
    0.6142418393085262,
    0.6146916820064239,
    0.6132135011420167,
    0.6049913522838807,
    0.607339630692927,
    0.605721352909925,
    0.6082369281341233,
    0.6091829798850921,
    0.6059452984792161,
    0.6019550895556057,
    0.601041760571008,
    0.6003834403031388,
    0.6031929141282465,
    0.6033131175015113,
    0.6124696683766607,
    0.6115002400520664,
    0.605162792066945,
    0.600512435201949,
    0.5992433947685455,
    0.6032518205353433,
    0.6073439165449254,
    0.6020824350829964,
    0.5975765731895313,
    0.6008854513654535,
    0.6041067199801223,
    0.59842215428143,
    0.5989726096980855,
    0.5908492467162273,
    0.5872535745179369,
    0.5878683904601365,
    0.5941253139782419,
    0.5996182824821404,
    0.602337190407788,
    0.5999865394068381,
    0.600096802758077,
    0.6086098989720937,
    0.6048951513737759,
    0.6119486425850368,
    0.6041097102395606,
    0.6060305432576039,
    0.6103050504591987,
    0.6011870130321251,
    0.6019772942906195,
    0.6032654878560085,
    0.5877022110577879,
    0.5895700610321509,
    0.592956611095276,
    0.591578242472103,
    0.5979085307279653,
    0.5943111710942554,
    0.5943284277688259,
    0.5907908683854118,
    0.5815281860854985,
    0.5962094013828608,
    0.5939376452893286,
    0.5961851625294027,
    0.6038550475356063,
    0.598089961361206,
    0.5955168983752303,
    0.5982520171415132,
    0.6030013388841202,
    0.597279403544832,
    0.5900541380597026,
    0.586232230855642,
    0.5992263889359736,
    0.585324795517148,
    0.5897705789597057,
    0.5964279348261247,
    0.5923911361452682,
    0.5933736080158472,
    0.5972834243790853,
    0.5856546393663472,
    0.5816628492172837,
    0.5897850552184737,
    0.5896949175442093,
    0.5842514483215623,
    0.5912275109402569,
    0.5927254150273406,
    0.5863807775285554,
    0.5934034064321233,
    0.5921330758884958,
    0.5957961234951913,
    0.5906652105948931,
    0.5921548687508954,
    0.5930322259509148,
    0.6013634473483811,
    0.5953573589048003,
    0.5962871640471914,
    0.591743180982036,
    0.585711624031087,
    0.5836850618934015,
    0.583948964784556,
    0.5886270653092222,
    0.5875514134458563,
    0.5852600275092897,
    0.5743434710970677,
    0.5871958002483496,
    0.5809040424659929,
    0.5884020747892414,
    0.5867960185435591,
    0.5982650031168069,
    0.5941201756544557,
    0.5959464271648699,
    0.5945957708463043,
    0.5829050206883477,
    0.5834416768043592,
    0.5844879964615713,
    0.5836171031031617,
    0.5955725950477266,
    0.6082976092044406,
    0.6002389536793461,
    0.5949627979112667,
    0.6002289712133609,
    0.6027162650425674,
    0.6030899177559094,
    0.5972052044269666,
    0.5975721422899815,
    0.6018324118974645,
    0.6079630296302349,
    0.6054191843656841,
    0.6120163295571398,
    0.6073292803359321,
    0.6060709347173543,
    0.6050726801925683,
    0.5982688857617847,
    0.6059869157032566,
    0.6083200997854746,
    0.5951153100199909,
    0.5991769591290445,
    0.5995639585663185,
    0.602705016805232,
    0.6021744179795081,
    0.5964926243648444,
    0.6030351153000815,
    0.6012492273314685,
    0.5965260723534542,
    0.59098010332521,
    0.5943845856710199,
    0.5943361553001587,
    0.5976842987768575,
    0.5976358866983954,
    0.5938961050802516,
    0.5900014167548316,
    0.5896095210919693,
    0.583503140324439,
    0.5785408491474707,
    0.5907035985415906,
    0.5884553549074404,
    0.5941314898697744,
    0.5984673706137947
  ],
  "naive_mean": 0.5971321256294018,
  "naive_se": 0.0004408684220256828,
  "thermalization_log": [
    {
      "sweep": 60,
      "P": 0.5954479517047858,
      "acc": 0.4850260416666667,
      "eps": 0.2701800438313183
    },
    {
      "sweep": 120,
      "P": 0.5976796729003252,
      "acc": 0.4820963541666667,
      "eps": 0.2701800438313183
    },
    {
      "sweep": 180,
      "P": 0.6129400790142462,
      "acc": 0.4967447916666667,