{
  "L": 5,
  "beta": 6,
  "seed": 42,
  "lattice": "isotropic 4D periodic",
  "action": "Wilson plaquette",
  "sites": 625,
  "links": 2500,
  "plaquettes": 3750,
  "n_thermalize": 625,
  "n_measure_sweeps": 1250,
  "sample_every": 2,
  "hits_per_link": 3,
  "target_acceptance": 0.5,
  "epsilon_frozen": 0.2701800438313183,
  "acceptance_during_measure": 0.48949088,
  "samples": [
    0.5882685654751963,
    0.5861145728926582,
    0.5876449704379058,
    0.5908174575444972,
    0.5919376219042215,
    0.5964509049296707,
    0.5975604421661032,
    0.5974605644140091,
    0.5989328157837779,
    0.5925018310829387,
    0.5966834595705781,
    0.5971139519688708,
    0.5986697175262662,
    0.5930249488780023,
    0.5933471450054583,
    0.590739556097254,
    0.5901687089900336,
    0.5894915622671772,
    0.5931003946075849,
    0.5926021969075629,
    0.5946345958635321,
    0.5963868239266394,
    0.6006323430245004,
    0.5956833139287835,
    0.5991481870065152,
    0.5965106173273829,
    0.5922280161677278,
    0.5957584093957893,
    0.5996579037362993,
    0.6025611350351123,
    0.5967715950319431,
    0.5943055624425897,
    0.5893913679608049,
    0.5935532591362787,
    0.5884429625844649,
    0.5900975259283542,
    0.5940655318495702,
    0.5944643910589877,
    0.5933364059384533,
    0.5941883018631104,
    0.5949177686080797,
    0.5954123030731054,
    0.5952703059906184,
    0.5946152492931084,
    0.5948094194491447,
    0.5974725237351936,
    0.5999056807994702,
    0.6066411283234174,
    0.6062522098724683,
    0.6035278843725999,
    0.6025009760481352,
    0.5987924750735213,
    0.5926812804493616,
    0.5952065239036471,
    0.5917979678780841,
    0.5984300576946059,
    0.5958841924601039,
    0.5895911515167112,
    0.5971801581050763,
    0.6002392417618461,
    0.6011141608793454,
    0.5987582144593183,
    0.5952305527836204,
    0.5982743105635856,
    0.5960768478153277,
    0.5943641504236599,
    0.5934176175098863,
    0.5932370775696849,
    0.5916023337498102,
    0.5897722757344787,
    0.5934690175806975,
    0.5871184832771039,
    0.5914240548339076,
    0.5923522502087867,
    0.5945451824510369,
    0.5965180428432498,
    0.5891933773506616,
    0.5868531332387165,
    0.5945090254714305,
    0.5911697501830117,
    0.5918444406318009,
    0.5861324759584332,
    0.590619474293706,
    0.5906331402764831,
    0.590763715100044,
    0.5967567433376294,
    0.5889001503836265,
    0.588077038436106,
    0.5886778097040263,
    0.5893103740654531,
    0.5933195250850078,
    0.592165341978082,
    0.5974700415812165,
    0.5987226357191214,
    0.5928524229851382,
    0.5967445641174792,
    0.5996848648334739,
    0.5984690362054287,
    0.599532876511812,
    0.6021796922881277,
    0.5992959295896447,
    0.6016454996765094,
    0.5968989015121049,
    0.606020949555183,
    0.6025901802819195,
    0.5955901740539127,
    0.598571882737948,
    0.5998334665533074,
    0.5976900873242061,
    0.5997053296058253,
    0.6028431058689959,
    0.601455662483213,
    0.6043795054150763,
    0.5991717874163888,
    0.5997415547635275,
    0.6023691663893013,
    0.5970995592702779,
    0.590325949383253,
    0.5897611391692603,
    0.5892105849677298,
    0.5883498532858906,
    0.5881491308475885,
    0.5893848000531513,
    0.5890161896367361,
    0.5893661892017854,
    0.5894582533585802,
    0.5888718012215746,
    0.5925457187329537,
    0.598310343263159,
    0.5994724991290278,
    0.597065966504429,
    0.6009697085091383,
    0.5988277301686662,
    0.5969107323112427,
    0.5985200267541726,
    0.6005458584199282,
    0.6039757636539853,
    0.6034240750353553,
    0.6051449246362224,
    0.6054645392499288,
    0.6025835129184178,
    0.5965930262400453,
    0.5933843649485347,
    0.5934398503832413,
    0.5907542907420774,
    0.5940719299696948,
    0.5929482034416511,
    0.5935113279694789,
    0.5925483333587394,
    0.590998916592621,
    0.593047548451007,
    0.5931423197617858,
    0.5923350722622648,
    0.5916145341677226,
    0.588217412257023,
    0.5891049989348218,
    0.5873052500969487,
    0.5901132225585842,
    0.5917684058302942,
    0.5958439994681273,
    0.5958363962916725,
    0.5873457572960712,
    0.5900968770075111,
    0.5906216388783722,
    0.5952595259460469,
    0.5887643864289668,
    0.5966158223848513,
    0.5929434781615102,
    0.5944368998041806,
    0.6018670665567234,
    0.6010624744385658,
    0.6035999688206749,
    0.6057235742619931,
    0.5985185360579051,
    0.6009314563933116,
    0.5991283150938681,
    0.595091920986501,
    0.5952095677750364,
    0.5963134565327425,
    0.5975243000228528,
    0.5983440639586984,
    0.6011802110146385,
    0.5964764089291228,
    0.5954522952266553,
    0.6004829525923364,
    0.5980816985438581,
    0.6006455236752184,
    0.6006066110182232,
    0.5997718134429544,
    0.5989288403386915,
    0.5948590621043137,
    0.598160820277889,
    0.5995772767079625,
    0.6053399216678034,
    0.604832827069998,
    0.60303140766455,
    0.6033602336195967,
    0.603921843558632,
    0.6040157897181053,
    0.598398080649483,
    0.5996292311484999,
    0.590839863299804,
    0.5968352427604734,
    0.5966991305159546,
    0.5966830350842438,
    0.6041670104472764,
    0.6047139666882306,
    0.6034744670035367,
    0.5927717613070168,
    0.5941837985063876,
    0.5925569839140998,
    0.5964461365095668,
    0.5940269143915051,
    0.5968275535121007,
    0.5982620907964881,
    0.6018137786801513,
    0.5961517976979391,
    0.5973161948839222,
    0.5987704450852116,
    0.5983418891215977,
    0.5935145681107761,
    0.5934869477360956,
    0.593817982806703,
    0.5963734223858542,
    0.5976375133903553,
    0.5933010167420197,
    0.5909138362005901,
    0.5970505729080062,
    0.5946098283490727,
    0.5986711432454553,
    0.6024562559522209,
    0.6020729735632216,
    0.6000266693453247,
    0.5995274208293394,
    0.6025086754773851,
    0.6018576147605549,
    0.6036760443321757,
    0.5983453104690538,
    0.6018964859286507,
    0.6047896670241023,
    0.5982864973268187,
    0.5970672361925692,
    0.5980690178516032,
    0.6001237010987789,
    0.595250202416339,
    0.5977266051106793,
    0.5977541921755477,
    0.5951304867215425,
    0.5957695920642054,
    0.597267424724444,
    0.5940828589471971,
    0.5932565067848711,
    0.5936495267922274,
    0.5951158850556425,
    0.5949890100039807,
    0.5971045433265705,
    0.5997707087808893,
    0.6004264235549266,
    0.6020808156920439,
    0.6016006710786169,
    0.6028794175192178,
    0.5984339435392046,
    0.5937399382744423,
    0.5933801163008918,
    0.5934635605889516,
    0.5893687414298107,
    0.5975959274025079,
    0.5957823712593041,
    0.5955581097359938,
    0.5928731952654881,
    0.594444439801741,
    0.5966543557756098,
    0.5936060472162716,
    0.5948667504327242,
    0.5894021271879838,
    0.5921344861849663,
    0.590356009462593,
    0.5920291886116135,
    0.5986484262989055,
    0.6051224007221199,
    0.6054946492034315,
    0.5993152003522717,
    0.6054239552164111,
    0.6025459168955534,
    0.5965730991716445,
    0.5948726039298313,
    0.5889308775844052,
    0.5926358597651641,
    0.5938418410300984,
    0.5952267448560031,
    0.59419880897809,
    0.5981202898879237,
    0.5966232275449819,
    0.5957726418410452,
    0.5923488604439218,
    0.5938010326751143,
    0.5963226186296321,
    0.5948221401436855,
    0.5941285218174813,
    0.6000783699596973,
    0.599861152737772,
    0.5962185587925539,
    0.593061490908767,
    0.5935633194045876,
    0.5897153620202882,
    0.5925423323400761,
    0.5958200578370568,
    0.5950695902554528,
    0.5902830774604411,
    0.5892091332026015,
    0.5912115189030741,
    0.5937767971395115,
    0.592217403653991,
    0.5886835948323216,
    0.5884596028437532,
    0.5894477735291915,
    0.5907286660454726,
    0.5925036570861429,
