{
  "actual_current_surface_status": "bounded-support / FH-LSZ common-window pooled response estimator production-grade",
  "bare_retained_allowed": false,
  "bootstrap": {
    "half_width_68": 0.0010345760903868184,
    "half_width_95": 0.0019855692433511374,
    "median": 1.4249132667347326,
    "p025": 1.4229474639997863,
    "p16": 1.4238964115462323,
    "p84": 1.425965563727006,
    "p975": 1.4269186024864886,
    "relative_half_width_68": 0.0007260625011637421,
    "relative_half_width_95": 0.0013934667391378697,
    "replicates": 5000,
    "seed": 20260504
  },
  "chunk_count": 57,
  "chunk_indices": [
    1,
    2,
    3,
    4,
    5,
    6,
    7,
    8,
    9,
    10,
    11,
    12,
    13,
    14,
    15,
    16,
    17,
    18,
    19,
    20,
    21,
    22,
    23,
    24,
    25,
    26,
    27,
    28,
    29,
    30,
    31,
    32,
    33,
    34,
    35,
    36,
    37,
    38,
    39,
    40,
    41,
    42,
    43,
    44,
    45,
    46,
    47,
    48,
    49,
    50,
    51,
    52,
    53,
    54,
    55,
    56,
    57
  ],
  "chunk_stdev": 0.007877460077850578,
  "common_window": {
    "tau_max": 12,
    "tau_min": 10
  },
  "empirical_standard_error": 0.001043395076460121,
  "exact_next_action": "Rerun the common-window response gate with this estimator as a parent.  The remaining gate blockers are finite-source-linearity, response-window acceptance, fitted/replacement response stability, scalar-LSZ, and canonical-Higgs/source-overlap closure.",
  "fail_count": 0,
  "jackknife": {
    "leave_one_out_max": 1.4253048712974135,
    "leave_one_out_min": 1.4245733899237252,
    "mean": 1.4249512429565174,
    "relative_standard_error": 0.00073223212486567,
    "standard_error": 0.0010433950764600283
  },
  "mean": 1.4249512429565174,
  "parent_certificate": "outputs/yt_fh_lsz_common_window_response_provenance_2026-05-04.json",
  "pass_count": 9,
  "pooled_common_window_response_production_grade": true,
  "proposal_allowed": false,
  "proposal_allowed_reason": "Pooled fixed-window uncertainty is support only; scalar LSZ and O_sp/O_H identity are separate unresolved gates.",
  "readout_switch_authorized": false,
  "relative_standard_error": 0.0007322321248657349,
  "strict_non_claims": [
    "does not claim retained or proposed_retained y_t closure",
    "does not replace the production response readout",
    "does not set kappa_s=1, c2=1, Z_match=1, or cos(theta)=1",
    "does not use H_unit, yt_ward_identity, observed targets, alpha_LM, plaquette, or u0"
  ],
  "thresholds": {
    "max_bootstrap_68_relative_half_width": 0.005,
    "max_relative_standard_error": 0.005,
    "min_chunks": 30
  },
  "verdict": "Independent chunk-to-chunk scatter gives a production-grade empirical uncertainty for the fixed tau=10..12 common-window central response.  This retires the estimator-uncertainty sub-blocker for the common-window gate, but it does not authorize a physical readout switch because finite-source-linearity, response-window acceptance, scalar-LSZ, and canonical-Higgs/source-overlap gates remain open."
}
