{
  "actual_current_surface_status": "bounded-support / FH-LSZ common-window pooled response estimator production-grade",
  "bare_retained_allowed": false,
  "bootstrap": {
    "half_width_68": 0.0009849300590425436,
    "half_width_95": 0.0019178389384787442,
    "median": 1.4254017527055058,
    "p025": 1.4234745401187816,
    "p16": 1.4244292288294036,
    "p84": 1.4263990889474887,
    "p975": 1.427310217995739,
    "relative_half_width_68": 0.0006909841784416792,
    "relative_half_width_95": 0.0013454725552557798,
    "replicates": 5000,
    "seed": 20260504
  },
  "chunk_count": 63,
  "chunk_indices": [
    1,
    2,
    3,
    4,
    5,
    6,
    7,
    8,
    9,
    10,
    11,
    12,
    13,
    14,
    15,
    16,
    17,
    18,
    19,
    20,
    21,
    22,
    23,
    24,
    25,
    26,
    27,
    28,
    29,
    30,
    31,
    32,
    33,
    34,
    35,
    36,
    37,
    38,
    39,
    40,
    41,
    42,
    43,
    44,
    45,
    46,
    47,
    48,
    49,
    50,
    51,
    52,
    53,
    54,
    55,
    56,
    57,
    58,
    59,
    60,
    61,
    62,
    63
  ],
  "chunk_stdev": 0.008004809854454967,
  "common_window": {
    "tau_max": 12,
    "tau_min": 10
  },
  "empirical_standard_error": 0.00100851124605938,
  "exact_next_action": "Rerun the common-window response gate with this estimator as a parent.  The remaining gate blockers are finite-source-linearity, response-window acceptance, fitted/replacement response stability, scalar-LSZ, and canonical-Higgs/source-overlap closure.",
  "fail_count": 0,
  "jackknife": {
    "leave_one_out_max": 1.4257362700943166,
    "leave_one_out_min": 1.4250755772406625,
    "mean": 1.4254094730430789,
    "relative_standard_error": 0.0007075238835801089,
    "standard_error": 0.0010085112460593156
  },
  "mean": 1.4254094730430789,
  "parent_certificate": "outputs/yt_fh_lsz_common_window_response_provenance_2026-05-04.json",
  "pass_count": 9,
  "pooled_common_window_response_production_grade": true,
  "proposal_allowed": false,
  "proposal_allowed_reason": "Pooled fixed-window uncertainty is support only; scalar LSZ and O_sp/O_H identity are separate unresolved gates.",
  "readout_switch_authorized": false,
  "relative_standard_error": 0.0007075238835801541,
  "strict_non_claims": [
    "does not claim retained or proposed_retained y_t closure",
    "does not replace the production response readout",
    "does not set kappa_s=1, c2=1, Z_match=1, or cos(theta)=1",
    "does not use H_unit, yt_ward_identity, observed targets, alpha_LM, plaquette, or u0"
  ],
  "thresholds": {
    "max_bootstrap_68_relative_half_width": 0.005,
    "max_relative_standard_error": 0.005,
    "min_chunks": 30
  },
  "verdict": "Independent chunk-to-chunk scatter gives a production-grade empirical uncertainty for the fixed tau=10..12 common-window central response.  This retires the estimator-uncertainty sub-blocker for the common-window gate, but it does not authorize a physical readout switch because finite-source-linearity, response-window acceptance, scalar-LSZ, and canonical-Higgs/source-overlap gates remain open."
}
