{
  "chunk_indices": [
    1,
    2,
    3,
    4,
    5,
    6,
    7,
    8,
    9,
    10,
    11,
    12,
    13,
    14,
    15,
    16,
    17,
    18,
    19,
    20,
    21,
    22,
    23,
    24,
    25,
    26,
    27,
    28,
    29,
    30
  ],
  "combined_lsz_summary": {
    "mode_rows": {
      "0,0,0": {
        "C_ss_real_weighted": 0.12237967456067203,
        "C_ss_real_weighted_stderr": 2.6719080325297344e-05,
        "Gamma_ss_real_proxy": 8.17129154485724,
        "momentum_mode": [
          0,
          0,
          0
        ],
        "p_hat_sq": 0.0
      },
      "1,0,0": {
        "C_ss_real_weighted": 0.125326747516045,
        "C_ss_real_weighted_stderr": 2.6005255006221332e-05,
        "Gamma_ss_real_proxy": 7.979142679594192,
        "momentum_mode": [
          1,
          0,
          0
        ],
        "p_hat_sq": 0.26794919243112264
      },
      "1,1,0": {
        "C_ss_real_weighted": 0.1283122969560426,
        "C_ss_real_weighted_stderr": 2.559468549778462e-05,
        "Gamma_ss_real_proxy": 7.793485298938895,
        "momentum_mode": [
          1,
          1,
          0
        ],
        "p_hat_sq": 0.5358983848622453
      },
      "1,1,1": {
        "C_ss_real_weighted": 0.1313366015892905,
        "C_ss_real_weighted_stderr": 2.417177581691038e-05,
        "Gamma_ss_real_proxy": 7.614023721484372,
        "momentum_mode": [
          1,
          1,
          1
        ],
        "p_hat_sq": 0.803847577293368
      },
      "2,0,0": {
        "C_ss_real_weighted": 0.13392587449722265,
        "C_ss_real_weighted_stderr": 2.3839969335043612e-05,
        "Gamma_ss_real_proxy": 7.466817026613763,
        "momentum_mode": [
          2,
          0,
          0
        ],
        "p_hat_sq": 0.9999999999999998
      },
      "2,1,0": {
        "C_ss_real_weighted": 0.1370375517795149,
        "C_ss_real_weighted_stderr": 2.363670017806252e-05,
        "Gamma_ss_real_proxy": 7.297269887081311,
        "momentum_mode": [
          2,
          1,
          0
        ],
        "p_hat_sq": 1.2679491924311224
      },
      "2,1,1": {
        "C_ss_real_weighted": 0.14020135791630517,
        "C_ss_real_weighted_stderr": 2.261321054138787e-05,
        "Gamma_ss_real_proxy": 7.132598534437602,
        "momentum_mode": [
          2,
          1,
          1
        ],
        "p_hat_sq": 1.5358983848622452
      },
      "2,2,0": {
        "C_ss_real_weighted": 0.14615577024048843,
        "C_ss_real_weighted_stderr": 2.2562564889852273e-05,
        "Gamma_ss_real_proxy": 6.842015189373464,
        "momentum_mode": [
          2,
          2,
          0
        ],
        "p_hat_sq": 1.9999999999999996
      }
    }
  },
  "metadata": {
    "chunk_count": 30,
    "complete_l12_target": false,
    "manifest": "outputs/yt_fh_lsz_polefit8x8_chunk_manifest_2026-05-04.json",
    "phase": "partial_l12_polefit8x8_chunk_summary",
    "saved_configurations": 480,
    "source": "frontier_yt_fh_lsz_polefit8x8_chunk_combiner_gate.py",
    "strict_limit": "Eight-mode/x8 L12 rows are same-source scalar-LSZ support only. They do not supply L16/L24 scaling, FV/IR/zero-mode control, a model-class theorem, canonical-Higgs/source overlap, or retained-proposal authority."
  },
  "source_response_summary": {
    "mean": 1.2455656459820907,
    "stderr": 0.04605755371174821
  },
  "strict_non_claims": [
    "not retained or proposed_retained y_t closure",
    "does not set kappa_s, c2, Z_match, or cos(theta) to one",
    "does not use H_unit, yt_ward_identity, observed targets, alpha_LM, plaquette, or u0",
    "does not mix this eight-mode/x8 stream with the four-mode/x16 L12 stream"
  ]
}
