{
  "chunk_indices": [
    1,
    2,
    3,
    4,
    5,
    6,
    7,
    8,
    9,
    10,
    11,
    12,
    13,
    14,
    15,
    16,
    17,
    18,
    19,
    20,
    21,
    22,
    23,
    24,
    25,
    26,
    27,
    28,
    29,
    30,
    31,
    32,
    33,
    34,
    35,
    36,
    37,
    38,
    39,
    40,
    41,
    42,
    43,
    44,
    45,
    46,
    47,
    48,
    49,
    50,
    51,
    52,
    53,
    54,
    55,
    56,
    57,
    58,
    59,
    60,
    61,
    62,
    63
  ],
  "combined_lsz_summary": {
    "mode_rows": {
      "0,0,0": {
        "C_ss_real_weighted": 0.12237470932032389,
        "C_ss_real_weighted_stderr": 1.7896843706078766e-05,
        "Gamma_ss_real_proxy": 8.171623087434135,
        "momentum_mode": [
          0,
          0,
          0
        ],
        "p_hat_sq": 0.0
      },
      "1,0,0": {
        "C_ss_real_weighted": 0.12532432813740257,
        "C_ss_real_weighted_stderr": 1.724724331030412e-05,
        "Gamma_ss_real_proxy": 7.97929671646533,
        "momentum_mode": [
          1,
          0,
          0
        ],
        "p_hat_sq": 0.26794919243112264
      },
      "1,1,0": {
        "C_ss_real_weighted": 0.12831316808179513,
        "C_ss_real_weighted_stderr": 1.706675266829964e-05,
        "Gamma_ss_real_proxy": 7.7934323885022865,
        "momentum_mode": [
          1,
          1,
          0
        ],
        "p_hat_sq": 0.5358983848622453
      },
      "1,1,1": {
        "C_ss_real_weighted": 0.13134916908655814,
        "C_ss_real_weighted_stderr": 1.6745268675325484e-05,
        "Gamma_ss_real_proxy": 7.613295211186355,
        "momentum_mode": [
          1,
          1,
          1
        ],
        "p_hat_sq": 0.803847577293368
      },
      "2,0,0": {
        "C_ss_real_weighted": 0.1339222215956486,
        "C_ss_real_weighted_stderr": 1.6032587467355515e-05,
        "Gamma_ss_real_proxy": 7.467020693692644,
        "momentum_mode": [
          2,
          0,
          0
        ],
        "p_hat_sq": 0.9999999999999998
      },
      "2,1,0": {
        "C_ss_real_weighted": 0.13704035520287086,
        "C_ss_real_weighted_stderr": 1.5967993179991006e-05,
        "Gamma_ss_real_proxy": 7.297120607427111,
        "momentum_mode": [
          2,
          1,
          0
        ],
        "p_hat_sq": 1.2679491924311224
      },
      "2,1,1": {
        "C_ss_real_weighted": 0.14021387765684315,
        "C_ss_real_weighted_stderr": 1.5792296771502457e-05,
        "Gamma_ss_real_proxy": 7.131961662506628,
        "momentum_mode": [
          2,
          1,
          1
        ],
        "p_hat_sq": 1.5358983848622452
      },
      "2,2,0": {
        "C_ss_real_weighted": 0.1461652962440615,
        "C_ss_real_weighted_stderr": 1.5339279324632943e-05,
        "Gamma_ss_real_proxy": 6.841569275994463,
        "momentum_mode": [
          2,
          2,
          0
        ],
        "p_hat_sq": 1.9999999999999996
      }
    }
  },
  "kprime_pole_row_certificate": {
    "available": false,
    "complete_l12_kprime_rows": false,
    "conservative_intervals": {
      "effective_denominator_at_pole_hull": null,
      "projected_kprime_at_pole_hull": null,
      "source_numerator_at_pole_hull": null
    },
    "invalid_row_count": 0,
    "invalid_rows": [],
    "present_row_count": 0,
    "schema_version": "yt_pr230_kprime_pole_row_v1",
    "strict_certificate_passed": false,
    "strict_certificate_status": "not passed; absent, partial, invalid, or non-excluding K-prime/source intervals",
    "strict_limit": "A passed K-prime row certificate supplies source-pole denominator and projection data only. It still does not identify O_sp with the canonical Higgs mode or authorize retained/proposed-retained top-Yukawa closure by itself.",
    "valid_chunks": [],
    "valid_row_count": 0
  },
  "metadata": {
    "chunk_count": 63,
    "complete_l12_target": true,
    "manifest": "outputs/yt_fh_lsz_polefit8x8_chunk_manifest_2026-05-04.json",
    "phase": "combined_l12_polefit8x8_chunk_summary",
    "saved_configurations": 1008,
    "source": "frontier_yt_fh_lsz_polefit8x8_chunk_combiner_gate.py",
    "strict_limit": "Eight-mode/x8 L12 rows are same-source scalar-LSZ support only. They do not supply L16/L24 scaling, FV/IR/zero-mode control, a model-class theorem, canonical-Higgs/source overlap, or retained-proposal authority."
  },
  "source_response_summary": {
    "mean": 1.245372948398497,
    "stderr": 0.03175795951253233
  },
  "strict_non_claims": [
    "not retained or proposed_retained y_t closure",
    "does not set kappa_s, c2, Z_match, or cos(theta) to one",
    "does not use H_unit, yt_ward_identity, observed targets, alpha_LM, plaquette, or u0",
    "does not mix this eight-mode/x8 stream with the four-mode/x16 L12 stream"
  ]
}
