{
  "chunk_indices": [
    1,
    2,
    3,
    4,
    5,
    6,
    7,
    8,
    9,
    10,
    11,
    12,
    13,
    14,
    15,
    16,
    17,
    18,
    19,
    20,
    21,
    22,
    23,
    24,
    25,
    26,
    27,
    28,
    29,
    30,
    31,
    32,
    33,
    34,
    35,
    36,
    37,
    38,
    39,
    40,
    41,
    42,
    43,
    44,
    45,
    46,
    47,
    48
  ],
  "combined_lsz_summary": {
    "mode_rows": {
      "0,0,0": {
        "C_ss_real_weighted": 0.12239463078164811,
        "C_ss_real_weighted_stderr": 2.126818437388818e-05,
        "Gamma_ss_real_proxy": 8.170293039929168,
        "momentum_mode": [
          0,
          0,
          0
        ],
        "p_hat_sq": 0.0
      },
      "1,0,0": {
        "C_ss_real_weighted": 0.1253433127009955,
        "C_ss_real_weighted_stderr": 2.058169977367608e-05,
        "Gamma_ss_real_proxy": 7.97808816801806,
        "momentum_mode": [
          1,
          0,
          0
        ],
        "p_hat_sq": 0.26794919243112264
      },
      "1,1,0": {
        "C_ss_real_weighted": 0.12832665648730407,
        "C_ss_real_weighted_stderr": 2.0142228640484507e-05,
        "Gamma_ss_real_proxy": 7.792613221392037,
        "momentum_mode": [
          1,
          1,
          0
        ],
        "p_hat_sq": 0.5358983848622453
      },
      "1,1,1": {
        "C_ss_real_weighted": 0.13135483240878199,
        "C_ss_real_weighted_stderr": 1.933874839041203e-05,
        "Gamma_ss_real_proxy": 7.612966966361437,
        "momentum_mode": [
          1,
          1,
          1
        ],
        "p_hat_sq": 0.803847577293368
      },
      "2,0,0": {
        "C_ss_real_weighted": 0.13393837572782008,
        "C_ss_real_weighted_stderr": 1.8993022316953186e-05,
        "Gamma_ss_real_proxy": 7.4661201061010924,
        "momentum_mode": [
          2,
          0,
          0
        ],
        "p_hat_sq": 0.9999999999999998
      },
      "2,1,0": {
        "C_ss_real_weighted": 0.13705200171355178,
        "C_ss_real_weighted_stderr": 1.880917845625379e-05,
        "Gamma_ss_real_proxy": 7.296500507085402,
        "momentum_mode": [
          2,
          1,
          0
        ],
        "p_hat_sq": 1.2679491924311224
      },
      "2,1,1": {
        "C_ss_real_weighted": 0.14021997793795493,
        "C_ss_real_weighted_stderr": 1.8229675807149202e-05,
        "Gamma_ss_real_proxy": 7.131651385956456,
        "momentum_mode": [
          2,
          1,
          1
        ],
        "p_hat_sq": 1.5358983848622452
      },
      "2,2,0": {
        "C_ss_real_weighted": 0.14617062549480772,
        "C_ss_real_weighted_stderr": 1.7955635884086407e-05,
        "Gamma_ss_real_proxy": 6.841319838475495,
        "momentum_mode": [
          2,
          2,
          0
        ],
        "p_hat_sq": 1.9999999999999996
      }
    }
  },
  "metadata": {
    "chunk_count": 48,
    "complete_l12_target": false,
    "manifest": "outputs/yt_fh_lsz_polefit8x8_chunk_manifest_2026-05-04.json",
    "phase": "partial_l12_polefit8x8_chunk_summary",
    "saved_configurations": 768,
    "source": "frontier_yt_fh_lsz_polefit8x8_chunk_combiner_gate.py",
    "strict_limit": "Eight-mode/x8 L12 rows are same-source scalar-LSZ support only. They do not supply L16/L24 scaling, FV/IR/zero-mode control, a model-class theorem, canonical-Higgs/source overlap, or retained-proposal authority."
  },
  "source_response_summary": {
    "mean": 1.2449402136839323,
    "stderr": 0.03725386805378806
  },
  "strict_non_claims": [
    "not retained or proposed_retained y_t closure",
    "does not set kappa_s, c2, Z_match, or cos(theta) to one",
    "does not use H_unit, yt_ward_identity, observed targets, alpha_LM, plaquette, or u0",
    "does not mix this eight-mode/x8 stream with the four-mode/x16 L12 stream"
  ]
}
