{
  "chunk_indices": [
    1,
    2,
    3,
    4,
    5,
    6,
    7,
    8,
    9,
    10,
    11,
    12,
    13,
    14,
    15,
    16,
    17,
    18,
    19,
    20,
    21,
    22,
    23,
    24
  ],
  "combined_lsz_summary": {
    "mode_rows": {
      "0,0,0": {
        "C_ss_real_weighted": 0.12236173429229472,
        "C_ss_real_weighted_stderr": 2.987932282661992e-05,
        "Gamma_ss_real_proxy": 8.172489592303624,
        "momentum_mode": [
          0,
          0,
          0
        ],
        "p_hat_sq": 0.0
      },
      "1,0,0": {
        "C_ss_real_weighted": 0.1253076533525403,
        "C_ss_real_weighted_stderr": 2.9166228876433568e-05,
        "Gamma_ss_real_proxy": 7.980358527556191,
        "momentum_mode": [
          1,
          0,
          0
        ],
        "p_hat_sq": 0.26794919243112264
      },
      "1,1,0": {
        "C_ss_real_weighted": 0.12829179852750938,
        "C_ss_real_weighted_stderr": 2.8257993938112537e-05,
        "Gamma_ss_real_proxy": 7.794730539891619,
        "momentum_mode": [
          1,
          1,
          0
        ],
        "p_hat_sq": 0.5358983848622453
      },
      "1,1,1": {
        "C_ss_real_weighted": 0.13131644399544967,
        "C_ss_real_weighted_stderr": 2.6604518918159593e-05,
        "Gamma_ss_real_proxy": 7.6151925042582755,
        "momentum_mode": [
          1,
          1,
          1
        ],
        "p_hat_sq": 0.803847577293368
      },
      "2,0,0": {
        "C_ss_real_weighted": 0.13391317520187895,
        "C_ss_real_weighted_stderr": 2.6905441929007854e-05,
        "Gamma_ss_real_proxy": 7.467525122098433,
        "momentum_mode": [
          2,
          0,
          0
        ],
        "p_hat_sq": 0.9999999999999998
      },
      "2,1,0": {
        "C_ss_real_weighted": 0.13702318309941242,
        "C_ss_real_weighted_stderr": 2.6016706208864997e-05,
        "Gamma_ss_real_proxy": 7.2980351016549125,
        "momentum_mode": [
          2,
          1,
          0
        ],
        "p_hat_sq": 1.2679491924311224
      },
      "2,1,1": {
        "C_ss_real_weighted": 0.14018515882830096,
        "C_ss_real_weighted_stderr": 2.49444980406091e-05,
        "Gamma_ss_real_proxy": 7.133422741452979,
        "momentum_mode": [
          2,
          1,
          1
        ],
        "p_hat_sq": 1.5358983848622452
      },
      "2,2,0": {
        "C_ss_real_weighted": 0.14613980689580147,
        "C_ss_real_weighted_stderr": 2.467274529322724e-05,
        "Gamma_ss_real_proxy": 6.842762565801157,
        "momentum_mode": [
          2,
          2,
          0
        ],
        "p_hat_sq": 1.9999999999999996
      }
    }
  },
  "metadata": {
    "chunk_count": 24,
    "complete_l12_target": false,
    "manifest": "outputs/yt_fh_lsz_polefit8x8_chunk_manifest_2026-05-04.json",
    "phase": "partial_l12_polefit8x8_chunk_summary",
    "saved_configurations": 384,
    "source": "frontier_yt_fh_lsz_polefit8x8_chunk_combiner_gate.py",
    "strict_limit": "Eight-mode/x8 L12 rows are same-source scalar-LSZ support only. They do not supply L16/L24 scaling, FV/IR/zero-mode control, a model-class theorem, canonical-Higgs/source overlap, or retained-proposal authority."
  },
  "source_response_summary": {
    "mean": 1.2460334577721777,
    "stderr": 0.05923805433339578
  },
  "strict_non_claims": [
    "not retained or proposed_retained y_t closure",
    "does not set kappa_s, c2, Z_match, or cos(theta) to one",
    "does not use H_unit, yt_ward_identity, observed targets, alpha_LM, plaquette, or u0",
    "does not mix this eight-mode/x8 stream with the four-mode/x16 L12 stream"
  ]
}
