{
  "chunk_indices": [
    1,
    2,
    3,
    4,
    5,
    6,
    7,
    8,
    9,
    10,
    11,
    12,
    13,
    14,
    15,
    16,
    17,
    18,
    19,
    20,
    21,
    22,
    23,
    24,
    25,
    26,
    27,
    28,
    29,
    30,
    31,
    32,
    33,
    34,
    35,
    36
  ],
  "combined_lsz_summary": {
    "mode_rows": {
      "0,0,0": {
        "C_ss_real_weighted": 0.12238117423344422,
        "C_ss_real_weighted_stderr": 2.4248066956812123e-05,
        "Gamma_ss_real_proxy": 8.171191412925019,
        "momentum_mode": [
          0,
          0,
          0
        ],
        "p_hat_sq": 0.0
      },
      "1,0,0": {
        "C_ss_real_weighted": 0.12532587921028035,
        "C_ss_real_weighted_stderr": 2.352754120540893e-05,
        "Gamma_ss_real_proxy": 7.979197962155378,
        "momentum_mode": [
          1,
          0,
          0
        ],
        "p_hat_sq": 0.26794919243112264
      },
      "1,1,0": {
        "C_ss_real_weighted": 0.12830963783451857,
        "C_ss_real_weighted_stderr": 2.29909065589028e-05,
        "Gamma_ss_real_proxy": 7.793646813107709,
        "momentum_mode": [
          1,
          1,
          0
        ],
        "p_hat_sq": 0.5358983848622453
      },
      "1,1,1": {
        "C_ss_real_weighted": 0.1313364367049704,
        "C_ss_real_weighted_stderr": 2.1961565892214048e-05,
        "Gamma_ss_real_proxy": 7.614033280393965,
        "momentum_mode": [
          1,
          1,
          1
        ],
        "p_hat_sq": 0.803847577293368
      },
      "2,0,0": {
        "C_ss_real_weighted": 0.13392162189576487,
        "C_ss_real_weighted_stderr": 2.1723994066808264e-05,
        "Gamma_ss_real_proxy": 7.467054130947797,
        "momentum_mode": [
          2,
          0,
          0
        ],
        "p_hat_sq": 0.9999999999999998
      },
      "2,1,0": {
        "C_ss_real_weighted": 0.13703423460077388,
        "C_ss_real_weighted_stderr": 2.1499206240583644e-05,
        "Gamma_ss_real_proxy": 7.297446531615485,
        "momentum_mode": [
          2,
          1,
          0
        ],
        "p_hat_sq": 1.2679491924311224
      },
      "2,1,1": {
        "C_ss_real_weighted": 0.14020044130599346,
        "C_ss_real_weighted_stderr": 2.0720215255237183e-05,
        "Gamma_ss_real_proxy": 7.132645166340505,
        "momentum_mode": [
          2,
          1,
          1
        ],
        "p_hat_sq": 1.5358983848622452
      },
      "2,2,0": {
        "C_ss_real_weighted": 0.1461499129086916,
        "C_ss_real_weighted_stderr": 2.0554281726169544e-05,
        "Gamma_ss_real_proxy": 6.8422894006427395,
        "momentum_mode": [
          2,
          2,
          0
        ],
        "p_hat_sq": 1.9999999999999996
      }
    }
  },
  "metadata": {
    "chunk_count": 36,
    "complete_l12_target": false,
    "manifest": "outputs/yt_fh_lsz_polefit8x8_chunk_manifest_2026-05-04.json",
    "phase": "partial_l12_polefit8x8_chunk_summary",
    "saved_configurations": 576,
    "source": "frontier_yt_fh_lsz_polefit8x8_chunk_combiner_gate.py",
    "strict_limit": "Eight-mode/x8 L12 rows are same-source scalar-LSZ support only. They do not supply L16/L24 scaling, FV/IR/zero-mode control, a model-class theorem, canonical-Higgs/source overlap, or retained-proposal authority."
  },
  "source_response_summary": {
    "mean": 1.2451422378863355,
    "stderr": 0.04047827327341891
  },
  "strict_non_claims": [
    "not retained or proposed_retained y_t closure",
    "does not set kappa_s, c2, Z_match, or cos(theta) to one",
    "does not use H_unit, yt_ward_identity, observed targets, alpha_LM, plaquette, or u0",
    "does not mix this eight-mode/x8 stream with the four-mode/x16 L12 stream"
  ]
}
