{
  "chunk_indices": [
    1,
    2,
    3,
    4,
    5,
    6,
    7,
    8,
    9,
    10,
    11,
    12
  ],
  "combined_lsz_summary": {
    "mode_rows": {
      "0,0,0": {
        "C_ss_real_weighted": 0.12234438175034514,
        "C_ss_real_weighted_stderr": 4.295139824125603e-05,
        "Gamma_ss_real_proxy": 8.173648725779588,
        "momentum_mode": [
          0,
          0,
          0
        ],
        "p_hat_sq": 0.0
      },
      "1,0,0": {
        "C_ss_real_weighted": 0.12530638105784556,
        "C_ss_real_weighted_stderr": 4.205907722353452e-05,
        "Gamma_ss_real_proxy": 7.980439555894341,
        "momentum_mode": [
          1,
          0,
          0
        ],
        "p_hat_sq": 0.26794919243112264
      },
      "1,1,0": {
        "C_ss_real_weighted": 0.12831031666405435,
        "C_ss_real_weighted_stderr": 4.072593421509499e-05,
        "Gamma_ss_real_proxy": 7.793605580588098,
        "momentum_mode": [
          1,
          1,
          0
        ],
        "p_hat_sq": 0.5358983848622453
      },
      "1,1,1": {
        "C_ss_real_weighted": 0.13131926424145263,
        "C_ss_real_weighted_stderr": 3.749048274938852e-05,
        "Gamma_ss_real_proxy": 7.615028958442314,
        "momentum_mode": [
          1,
          1,
          1
        ],
        "p_hat_sq": 0.803847577293368
      },
      "2,0,0": {
        "C_ss_real_weighted": 0.13391285359031593,
        "C_ss_real_weighted_stderr": 3.922193466479571e-05,
        "Gamma_ss_real_proxy": 7.467543056466659,
        "momentum_mode": [
          2,
          0,
          0
        ],
        "p_hat_sq": 0.9999999999999998
      },
      "2,1,0": {
        "C_ss_real_weighted": 0.1370376928553725,
        "C_ss_real_weighted_stderr": 3.797286108424128e-05,
        "Gamma_ss_real_proxy": 7.297262374778775,
        "momentum_mode": [
          2,
          1,
          0
        ],
        "p_hat_sq": 1.2679491924311224
      },
      "2,1,1": {
        "C_ss_real_weighted": 0.14018154227214705,
        "C_ss_real_weighted_stderr": 3.547493686033517e-05,
        "Gamma_ss_real_proxy": 7.133606777264656,
        "momentum_mode": [
          2,
          1,
          1
        ],
        "p_hat_sq": 1.5358983848622452
      },
      "2,2,0": {
        "C_ss_real_weighted": 0.14615751615846176,
        "C_ss_real_weighted_stderr": 3.5403508893243e-05,
        "Gamma_ss_real_proxy": 6.841933458391665,
        "momentum_mode": [
          2,
          2,
          0
        ],
        "p_hat_sq": 1.9999999999999996
      }
    }
  },
  "metadata": {
    "chunk_count": 12,
    "complete_l12_target": false,
    "manifest": "outputs/yt_fh_lsz_polefit8x8_chunk_manifest_2026-05-04.json",
    "phase": "partial_l12_polefit8x8_chunk_summary",
    "saved_configurations": 192,
    "source": "frontier_yt_fh_lsz_polefit8x8_chunk_combiner_gate.py",
    "strict_limit": "Eight-mode/x8 L12 rows are same-source scalar-LSZ support only. They do not supply L16/L24 scaling, FV/IR/zero-mode control, a model-class theorem, canonical-Higgs/source overlap, or retained-proposal authority."
  },
  "source_response_summary": {
    "mean": 1.2434502007437196,
    "stderr": 0.08481563505652077
  },
  "strict_non_claims": [
    "not retained or proposed_retained y_t closure",
    "does not set kappa_s, c2, Z_match, or cos(theta) to one",
    "does not use H_unit, yt_ward_identity, observed targets, alpha_LM, plaquette, or u0",
    "does not mix this eight-mode/x8 stream with the four-mode/x16 L12 stream"
  ]
}
